ID,Permission Name (BE),Permission Name (FE),"Permission Category (BE)
(Accounts, Academic Profile, Live, Library, Assessments, Schedule, Reports, General)","Permission Level 
(Super Admin, Org Admin, School Admin, Teacher, Parent, Student, None)",Description,Permission Group
1,create_an_organization_account_1,Create an Organization Account,Accounts,Super Admin,Gives uers access to create an organization account,Super Admin
2,delete_an_organization_account_2,Delete an Organization Account,Accounts,Super Admin,Gives users access to delete an organization account,Super Admin
3,reset_an_organization_account_3,Reset an Organization Account,Accounts,Super Admin,Gives users access to reset an organizations account,Super Admin
4,setup_an_organizations_academic_profile_4,Setup an Organizations Academic Profile,Accounts,Super Admin,Gives users access to setup an organizations academic profile,Super Admin
5,edit_an_organization_details_5,Edit an Organization Details,Accounts,Super Admin,Gives users access to edit an organizations details,Super Admin
6,update_default_thumbnails_6,Update Default Thumbnails,Accounts,Super Admin,Gives users access to update default thumbnails,Super Admin
7,upgrade_organization_publishing_permissions_7,Upgrade Organization Publishing Permissions,Accounts,Super Admin,Gives users access to upgrade organization publishing permissions,Super Admin
8,approve_and_reject_pending_content_8,Approve and Reject Pending Content,Accounts,Super Admin,Gives users access to approve and reject pending content,Super Admin
9,create_program_category_9,Create Program Category,Accounts,Super Admin,Gives users access to create a program category,Super Admin
10,change_an_organizations_visibility_settings_10,Change an Organizations Visibility Settings,Accounts,Super Admin,Gives users access to change an organizations visbility settings,Super Admin
11,view_organization_bill_details_11,View Organization Bill Details,Accounts,Super Admin,Gives users access to view organization bill details,Super Admin
12,block_org_users_access_12,Block Org Users Access,Accounts,Super Admin,Gives users access to block organization users access,Super Admin
13,create_pricing_plan_13,Create Pricing Plan,Accounts,Super Admin,Gives users access to create a pricing plan,Super Admin
1000,logos_1000,Logos,Accounts,Student,Gives users access to manage their logos,My Account
1010,my_account_1010,My Account,Accounts,Student,Gives users access to view my account page,My Account
1020,my_settings_1020,My Settings,Accounts,Student,Gives users access to edit their settings page,My Account
1030,personalizations_1030,Personalizations,Accounts,Student,Gives users access to view personalizations page,My Account
1040,my_learners_page_1040,My Learners Page,Accounts,Student,Gives users access to view my learners page,My Learners Page
1041,my_learners_dashboards_1041,My Learners Dashboards,Accounts,Student,Gives users access to view my learner's dashboards,My Learners Page
1042,my_learners_schedule_1042,My Learners Schedule,Accounts,Student,Gives users access to view my learner's schedule page,My Learners Page
1043,my_learners_study_plan_1043,My Learners Study Plan,Accounts,Student,Gives users access to view my learner's study plan page,My Learners Page
1044,my_learners_notifications_1044,My Learners Notifications,Accounts,Student,Gives users access to view my learner's notifications ,My Learners Page
1045,my_learners_make_a_payment_1045,My Learners Make A Payment,Accounts,Student,Gives users access to view my learner's make a payment,My Learners Page
1046,my_learners_coupon_management_1046,My Learners Coupon Management,Accounts,Student,Gives users access to view my learner's coupon management,My Learners Page
1047,my_learners_view_promotions_1047,My Learners View Promotions,Accounts,Student,Gives users access to view my learner's view promotions,My Learners Page
1048,my_learners_class_recordings_1048,My Learners Class Recordings,Accounts,Student,Gives users access to view my learner's class recordings,My Learners Page
1049,my_learners_attendance_report_1049,My Learners Attendance Report,Accounts,Student,Gives users access to view my learner's attendance report,My Learners Page
100,live_100,Live,Live,Student,Gives users access to Live (i.e. via link),Access Live
101,go_live_101,Go Live,Live,Student,Gives users access to Go Live interfaces (i.e. via buttons),Go Live
110,view_organization_live_recordings_110,View Organization Live Recordings,Accounts,Org Admin,Gives users access to view organization live recordings,Recordings
120,manage_live_classroom_recording_120,Manage Live Classroom Recording,Accounts,Org Admin,Gives users access to manage live classroom recordings,Recordings
130,override_live_classroom_recording_130,Override Live Classroom Recording,Accounts,Org Admin,Gives users access to override live classroom recordings,Recordings
140,delete_live_classroom_recordings_140,Delete Live Classroom Recordings,Accounts,Org Admin,Gives users access to delete live classroom recordings,Recordings
170,live_default_interface_170,Live Default Interface,Live,Teacher,Gives users access to Live's default interface,Attend Live Class as a Teacher
171,auto_interface_based_on_age_range_171,Auto Interface based on Age Range,Live,Teacher,Gives users access to auto interface based on age range,Attend Live Class as a Teacher
172,record_live_classes_172,Record Live Classes,Accounts,Teacher,Gives users acces to record live classes,Attend Live Class as a Teacher
173,record_class_classes_173,Record Class Classes,Accounts,Teacher,Gives users access to record class classes,Attend Live Class as a Teacher
174,collaboration_show_web_cam_dynamic_174,Collaboration Show Web Cam Dynamic,Accounts,Teacher,Gives teacher access to webcom speaker focus mode,Attend Live Class as a Teacher
175,collaboration_show_web_cam_focus_175,Collaboration Show Web Cam Focus,Accounts,Teacher,Gives teacher access to webcam teacher focus mode,Attend Live Class as a Teacher
176,collaboration_teacher_present_176,Collaboration Teacher Present,Accounts,Teacher,Gives teacher access to present mode,Attend Live Class as a Teacher
177,collaboration_observe_mode_177,Collaboration Observe Mode,Accounts,Teacher,Gives teacher access to observe mode,Attend Live Class as a Teacher
178,collaboration_screenshare_mode_178,Collaboration Screenshare Mode,Accounts,Teacher,Gives teacher access to screen share feature,Attend Live Class as a Teacher
179,participants_tab_179,Participants Tab,Accounts,Teacher,Gives teacher access to list of participants,Attend Live Class as a Teacher
180,lesson_plan_tab_180,Lesson Plan Tab,Accounts,Teacher,Gives teacher access to list of lesson materials in lesson plan,Attend Live Class as a Teacher
181,teaches_desk_tab_181,Teaches Desk Tab,Accounts,Teacher,Gives teacher access to other classroom management tools,Attend Live Class as a Teacher
182,settings_tab_182,Settings Tab,Accounts,Teacher,Gives teacher access to Live settings,Attend Live Class as a Teacher
183,view_lesson_attachments_183,View Lesson Attachments,Accounts,Teacher,Gives users access to view lesson attachments,Attend Live Class as a Teacher
184,view_starred_content_184,View Starred Content,Accounts,Teacher,Gives users access to view starred content,Attend Live Class as a Teacher
185,see_recommended_content_based_on_age_range_185,See Recommended Content based on Age Range,Accounts,Teacher,Gives users access to see recommended content based on age range,Attend Live Class as a Teacher
186,attend_live_class_as_a_teacher_186,Attend Live Class as a Teacher,Accounts,Teacher,Gives users access to attend live class as a teacher,Attend Live Class as a Teacher
187,attend_live_class_as_a_student_187,Attend Live Class as a Student,Accounts,Student,Gives users access to attend live class as a student,Attend Live Class as a Student
200,library_200,Library,Library,Teacher,Gives users access to Library (i.e. via icons/buttons),Access Library
201,create_content_page_201,Create Content Page,Library,Teacher,Gives users access to create content pages,Create Content
202,unpublished_content_page_202,Unpublished Content Page,Library,Teacher,Gives users access to view unpublished content pages,Unpublished
203,pending_content_page_203,Pending Content Page,Library,Teacher,Gives users access to view pending content pages,Pending
204,published_content_page_204,Published Content Page,Library,Teacher,Gives users access to view published content pages,Published
205,archived_content_page_205,Archived Content Page,Library,Teacher,Gives users access to view archived content pages,Archive
300,view_asset_db_300,View Asset DB,Library,Org Admin,Gives users access to view asset database,Asset DB
210,view_my_unpublished_content_210,View My Unpublished Content,Library,Teacher,Gives users access to view my unpublished content,Unpublished
211,view_org_unpublished_content_211,View Org Unpublished Content,Library,None,Gives users access to view org unpublished content,Unpublished
212,view_my_pending_212,View My Pending,Library,Teacher,Gives users access to view my pending,Pending
213,view_org_pending_213,View Org Pending,Library,Org Admin,Gives users access to view org pending,Pending
214,view_my_published_214,View My Published,Library,Teacher,Gives users access to view my published,Published
215,view_org_published_215,View Org Published,Library,Student,Gives users access to view org published,Operational
216,view_my_archived_216,View My Archived,Library,Org Admin,Gives users access to view my archived,Archive
217,view_org_archived_217,View Org Archived,Library,Org Admin,Gives users access to view org archived,Archive
218,view_my_school_published_218,View My School Published,Accounts,Teacher,Gives users access to view my school published,Operational
225,view_my_school_pending_225,View My School Pending,Accounts,School Admin,Gives users access to view my school pending,Pending
226,view_my_school_archived_226,View My School Archived,Accounts,School Admin,Gives users access to view my school archived,Archive
227,view_all_schools_published_227,View All Schools Published,Accounts,Org Admin,Gives users access to view all schools published,Operational
228,view_all_schools_pending_228,View All Schools Pending,Accounts,Org Admin,Gives users access to view all schools pending,Pending
229,view_all_schools_archived_229,View All Schools Archived,Accounts,Org Admin,Gives users access to view all schools archived,Archive
220,create_lesson_material_220,Create Lesson Material,Accounts,Teacher,Gives users access to create lesson material,Create Content
221,create_lesson_plan_221,Create Lesson Plan,Accounts,Teacher,Gives users access to create lesson plans,Create Content
222,copy_content_222,Copy Content,Accounts,School Admin,Gives users access to copy content,Create Content
223,create_my_schools_content_223,Create My Schools Content,Accounts,School Admin,Gives users access to create my schools content,Create Content
224,create_all_schools_content_224,Create All Schools Content,Accounts,Org Admin,Gives users access to create all schools content,Create Content
230,edit_my_unpublished_content_230,Edit My Unpublished Content,Accounts,Teacher,Gives users access to edit my unpublished content,Unpublished
231,edit_org_unpublished_content_231,Edit Org Unpublished Content,Accounts,None,Gives users access to edit my org unpublished ontent,Unpublished
232,edit_my_pending_content_232,Edit My Pending Content,Accounts,Teacher,Gives users access to edit my pending content,Pending
233,edit_org_pending_content_233,Edit Org Pending Content,Accounts,Org Admin,Gives users access to edit org pending content,Pending
234,edit_my_published_content_234,Edit My Published Content,Accounts,Teacher,Gives users access to edit my published content,Published
235,edit_org_published_content_235,Edit Org Published Content,Accounts,Org Admin,Gives users access to edit org published content,Published
236,edit_lesson_material_metadata_and_content_236,Edit Lesson Material Metadata and Content,Accounts,Org Admin,Gives users access to edit lesson material metadata and content,Edit Content
237,edit_lesson_plan_metadata_237,Edit Lesson Plan Metadata,Accounts,Org Admin,Gives users access to edit lesson plan metadata,Edit Content
238,edit_lesson_plan_content_238,Edit Lesson Plan Content,Accounts,Org Admin,Gives users access to edit lesson plan content,Edit Content
239,download_lesson_plan_239,Download Lesson Plan,Accounts,Org Admin,Gives users access to download lesson plan,Operational
247,edit_my_schools_published_247,Edit My Schools Published,Library,School Admin,Gives users access to edit my schools published,Published
248,edit_my_schools_pending_248,Edit My Schools Pending,Library,School Admin,Gives users access to my schools pending,Pending
249,edit_all_schools_published_249,Edit All Schools Published,Library,Org Admin,Gives users access to edit all schools published,Published
250,edit_all_schools_pending_250,Edit All Schools Pending,Library,Org Admin,Gives users access to edit all schools pending,Pending
251,delete_my_pending_251,Delete My Pending,Library,Teacher,Gives user access to delete their pending content,Pending
252,delete_org_pending_content_252,Delete Org Pending Content,Library,Org Admin,Gives user access to delete organization's pending content,Pending
253,delete_org_archived_content_253,Delete Org Archived Content,Library,Org Admin,Gives user access to delete organizations archived content,Archive
240,delete_my_unpublished_content_240,Delete My Unpublished Content,Library,Teacher,Gives users access to delete my unpublished content,Unpublished
241,delete_my_schools_pending_241,Delete My Schools Pending,Library,School Admin,Gives users access to delete my schools pending,Pending
242,remove_my_schools_published_242,Remove My Schools Published,Library,School Admin,Gives users access to remove my schools published,Published
243,delete_my_schools_archived_243,Delete My Schools Archived,Library,School Admin,Gives users access to delete my schools archived,Archive
244,delete_all_schools_pending_244,Delete All Schools Pending,Library,Org Admin,Gives users access to delete all schools pending,Archive
245,remove_all_schools_published_245,Remove All Schools Published,Library,Org Admin,Gives users access to remove all schools published,Published
246,delete_all_schools_archived_246,Delete All Schools Archived,Library,Org Admin,Gives users access to delete all schools archived,Archive
270,library_settings_270,Library Settings,Library,Teacher,Gives users access to library settings,Operational
271,approve_pending_content_271,Approve Pending Content,Library,School Admin,Gives users access to approve pending content,Pending
272,reject_pending_content_272,Reject Pending Content,Library,School Admin,Gives users access to reject pending content,Pending
273,archive_published_content_273,Archive Published Content,Library,School Admin,Gives users access to archive published content,Published
274,republish_archived_content_274,Republish Archived Content,Library,School Admin,Gives users access to republish archived content,Archive
275,delete_archived_content_275,Delete Archived Content,Library,School Admin,Gives users access to delete archived content,Archive
276,details_upload_thumbnail_276,Details Upload Thumbnail,Library,Teacher,Gives users access to upload thumbnail for content types,Operational
277,details_manually_add_program_277,Details Manually Add Program,Library,Teacher,Gives users access to define program,Operational
278,details_manually_add_developmental_skill_278,Details Manually Add Developmental Skill,Library,Teacher,Gives users access to define category,Operational
279,details_manually_add_skills_category_279,Details Manually Add Skills Category,Library,Teacher,Gives users access to define subcategory for each category,Operational
280,details_manually_add_suitable_age_280,Details Manually Add Suitable Age,Library,Teacher,Gives users access to define suitable age for content,Operational
281,details_manually_add_grade_281,Details Manually Add Grade,Library,Teacher,Gives users access to define the grade,Operational
282,share_content_282,Share Content,Library,Teacher,Gives users access to share content,Published
283,favorite_content_283,Favorite Content,Library,Teacher,Gives users access to favorite content,Published
284,associate_learning_outcomes_284,Associate Learning Outcomes,Library,Teacher,Gives users access to associate learning outcomes,Operational
285,publish_featured_content_with_lo_285,Publish Featured Content with LO,Library,School Admin,Gives users access to publish featured content with LO,Operational
286,publish_featured_content_no_lo_286,Publish Featured Content no LO,Library,School Admin,Gives users access to publish featured content with no LO,Operational
287,publish_free_content_with_lo_287,Publish Free Content with LO,Library,School Admin,Gives users access to publish free content with LO,Operational
288,publish_free_content_no_lo_288,Publish Free Content no LO,Library,School Admin,Gives users access to publish free content with no LO,Operational
289,create_folder_289,Create Folder,Library,Org Admin,Gives user access to create folders,Operational
290,view_folder_290,View Folder,Library,Org Admin,Gives user access to view folders,Operational
291,edit_folder_291,Edit Folder,Library,Org Admin,Gives user access to edit folders,Operational
292,delete_folder_292,Delete Folder,Library,Org Admin,Gives user access to delete folders,Operational
300,asset_db_300,Asset DB,Asset Database,Teacher,Gives users access to Media Assets (i.e. via icons/buttons),Access Asset DB
301,create_asset_page_301,Create Asset Page,Asset Database,Teacher,Gives users access to create asset pages,Create Asset
310,view_asset_310,View Asset,Asset Database,Teacher,Gives users access to view asset,Operational
311,view_live_recordings_311,View Live Recordings,Asset Database,Teacher,Gives users access to view live recordings,Operational
320,create_asset_320,Create Asset,Asset Database,Teacher,Gives users access to create asset pages,Create Asset
321,upload_asset_321,Upload Asset,Asset Database,Teacher,Gives users access to upload assets,Operational
330,edit_asset_330,Edit Asset,Asset Database,School Admin,Gives users access to edit assets,Operational
331,download_asset_331,Download Asset,Asset Database,Org Admin,Gives users access to download assets,Operational
340,delete_asset_340,Delete Asset,Asset Database,Org Admin,Gives users access to delete assets,Operational
380,asset_db_settings_380,Asset DB Settings,Asset Database,Teacher,Gives users access to asset DB settings,Operational
400,assessments_400,Assessments,Assessments,Teacher,Gives users access to assessments,Access Assessments
401,create_learning_outcome_page_401,Create Learning Outcome Page,Assessments,Teacher,Gives users access to create learning outcome pages,Create Learning Outcome
402,unpublished_page_402,Unpublished Page,Assessments,Teacher,Gives users access to view unpublished pages,Unpublished
403,pending_page_403,Pending Page,Assessments,Teacher,Gives users access to view pending pages,Pending
404,learning_outcome_page_404,Learning Outcome Page,Assessments,Teacher,Gives users access to view learning outcome pages,Published Learning Outcome
405,milestones_page_405,Milestones Page,Assessments,Teacher,Gives users access to view milestones pages,Milestones
406,assessments_page_406,Assessments Page,Assessments,Teacher,Gives users access to view assessments pages,Assessments
407,standards_page_407,Standards Page,Assessments,Teacher,Gives users access to view standards pages,Standards
410,view_my_unpublished_learning_outcome_410,View My Unpublished Learning Outcome,Assessments,Teacher,Gives users access to view my unpublished learning outcomes,Unpublished
411,view_org_unpublished_learning_outcome_411,View Org Unpublished Learning Outcome,Assessments,Org Admin,Gives users access to view org unpublished learning outcomes,Unpublished
412,view_my_pending_learning_outcome_412,View My Pending Learning Outcome,Assessments,Teacher,Gives users access to view my pending learning outcomes,Pending
413,view_org_pending_learning_outcome_413,View Org Pending Learning Outcome,Assessments,School Admin,Gives users access to view org pending learning outcomes,Pending
414,view_completed_assessments_414,View Completed Assessments,Assessments,Teacher,Gives users access to view completed assessments,Assessments
415,view_in_progress_assessments_415,View In Progress Assessments,Assessments,Teacher,Gives users access to view in progress assessments,Assessments
416,view_published_learning_outcome_416,View Published Learning Outcome,Assessments,Teacher,Gives users access to view published learning outcome,Published Learning Outcome
417,view_unpublished_milestone_417,View Unpublished Milestone,Assessments,School Admin,Gives users access to view unpublished milestone,Milestones
418,view_published_milestone_418,View Published Milestone,Assessments,School Admin,Gives users access to view published milestones,Milestones
419,view_unpublished_standard_419,View Unpublished Standard,Assessments,School Admin,Gives users access to view the unpublished standard,Standards
420,view_published_standard_420,View Published Standard,Assessments,School Admin,Gives users access to view the published standard,Standards
424,view_org_completed_assessments_424,View Org Completed Assessments,Assessments,Org Admin,Gives users access to create learning outcomes,Assessments
425,view_org_in_progress_assessments_425,View Org In Progress Assessments,Assessments,Org Admin,Gives users access to create milestones,Assessments
426,view_school_completed_assessments_426,View School Completed Assessments,Assessments,School Admin,Gives users access to create standards,Assessments
427,view_school_in_progress_assessments_427,View School In Progress Assessments,Assessments,School Admin,Gives users access to edit my unpublished learning outcomes,Assessments
421,create_learning_outcome_421,Create Learning Outcome,Assessments,Teacher,Gives users access to edit org unpublished learning outcomes,Create Learning Outcome
422,create_milestone_422,Create Milestone,Assessments,School Admin,Gives users access to remove content from the learning outcomes cart,Milestones
423,create_standard_423,Create Standard,Assessments,School Admin,Gives users access to add content learning outcomes,Standards
430,edit_my_unpublished_learning_outcome_430,Edit My Unpublished Learning Outcome,Assessments,Teacher,Gives users access to edit my pending learning outcomes,Unpublished
431,edit_org_unpublished_learning_outcome_431,Edit Org Unpublished Learning Outcome,Assessments,None,Gives users access to edit org pending learning outcomes,Unpublished
432,remove_content_learning_outcomes_cart_432,Remove Content Learning Outcomes Cart,Assessments,Teacher,Gives users access to remove content learning outcomes from the cart,General
433,add_content_learning_outcomes_433,Add Content Learning Outcomes,Assessments,Teacher,Gives users access to add content learning outcomes,General
434,edit_my_pending_learning_outcome_434,Edit My Pending Learning Outcome,Assessments,Teacher,Gives users access to edit my pending learning outcomes,Pending
435,edit_org_pending_learning_outcome_435,Edit Org Pending Learning Outcome,Assessments,School Admin,Gives users access to edit org pending learning outcomes,Pending
436,edit_published_learning_outcome_436,Edit Published Learning Outcome,Assessments,School Admin,Gives users access to edit published learning outcomes,Published Learning Outcome
437,edit_attendance_for_completed_assessment_437,Edit Attendance for Completed Assessment,Assessments,None,Gives users access to edit attendance for completed assessmens,Assessments
438,edit_attendance_for_in_progress_assessment_438,Edit Attendance for In Progress Assessment,Assessments,Teacher,Gives users access to edit attendance for in progress assessments,Assessments
439,edit_in_progress_assessment_439,Edit In Progress Assessment,Assessments,Teacher,Gives users access to edit in progress assessments,Assessments
440,edit_unpublished_milestone_440,Edit Unpublished Milestone,Assessments,School Admin,Gives users access to edit unpublished milestones,Milestones
441,edit_published_milestone_441,Edit Published Milestone,Assessments,School Admin,Gives users access to edit published milestones,Milestones
442,edit_unpublished_standard_442,Edit Unpublished Standard,Assessments,School Admin,Gives users access to edit unpublished standards,Standards
443,edit_published_standard_443,Edit Published Standard,Assessments,School Admin,Gives users access to edit published standards,Standards
444,delete_my_unpublished_learning_outcome_444,Delete My Unpublished Learninng Outcome,Assessments,Teacher,Gives users access to delete my unpublished learning outcomes,Unpublished
445,delete_org_unpublished_learning_outcome_445,Delete Org Unpublished Learning Outcome,Assessments,School Admin,Gives users access to delete org unpublished learning outcomes,Unpublished
446,delete_my_pending_learning_outcome_446,Delete My Pending Learning Outcome,Assessments,Teacher,Gives users access to delete my pending learning outcomes,Pending
447,delete_org_pending_learning_outcome_447,Delete Org Pending Learning Outcome,Assessments,School Admin,Gives users access to delete org pending learning outcomes,Pending
448,delete_published_learning_outcome_448,Delete Published Learning Outcome,Assessments,School Admin,Gives users access to delete published learning outcomes,Published Learning Outcome
449,delete_unpublish_milestone_449,Delete Unpublish Milestone,Assessments,School Admin,Gives users access to delete unpublished milestones,Milestones
450,delete_published_milestone_450,Delete Published Milestone,Assessments,School Admin,Gives users access to delete published milestones,Milestones
451,delete_unpublished_standard_451,Delete Unpublished Standard,Assessments,School Admin,Gives users access to delete unpublished standards,Standards
452,delete_published_standard_452,Delete Published Standard,Assessments,School Admin,Gives users access to delete published standards,Standards
453,delete_in_progress_assessments_453,Delete In Progress Assessments,Assessments,Org Admin,Gives user access to delete in progress assessment feature,Assessments
480,assessment_settings_480,Assessment Settings,Assessments,Org Admin,Gives users access to view assessment settings,General
481,approve_pending_learning_outcome_481,Approve Pending Learning Outcome,Assessments,School Admin,Gives users access to approve pending learning outcomes,Pending
482,reject_pending_learning_outcome_482,Reject Pending Learning Outcome,Assessments,School Admin,Gives users access to reject pending learning outcomes,Pending
483,upload_learning_outcomes_483,Upload Learning Outcomes,Assessments,Org Admin,Gives users access to upload learning outcomes,General
484,download_learning_outcomes_484,Download Learning Outcomes,Assessments,Org Admin,Gives users access to download learning outcomes,General
485,add_learning_outcome_to_content_485,Add Learning Outcome to Content,Assessments,Teacher,Gives users access to add learning outcomes to content,General
500,schedule_500,Schedule,Schedule,Student,Gives users access to view schedules,Access Schedule
501,create_schedule_page_501,Create Schedule Page,Schedule,Teacher,Gives users access to create schedule pages,Create Schedule
510,view_my_calendar_510,View My Calendar,Schedule,Student,Gives users access to view my calendar,Operational
511,view_org_calendar_511,View Org Calendar,Schedule,Org Admin,Gives users access to view org calendar,Operational
512,view_school_calendar_512,View School Calendar,Schedule,School Admin,Gives users access to view school calendar,Operational
520,create_event_520,Create Event,Schedule,Org Admin,Gives users access to create events,Create Schedule
521,create_my_schedule_events_521,Create My Schedule Events,Schedule,Teacher,Gives user access to create events for themselves,Create Schedule
522,create_my_schools_schedule_events_522,Create My Schools Schedule Events,Schedule,School Admin,Gives user access to create events for the school,Create Schedule
530,edit_event_530,Edit Event,Schedule,Teacher,Gives users access to edit events,Create Schedule
531,override_live_classroom_recording_setting_531,Override Live Classroom Recording Setting,Schedule,Org Admin,Gives users access to override live classroom recording settings,Operational
540,delete_event_540,Delete Event,Schedule,Teacher,Gives users access to delete events,Create Schedule
580,schedule_settings_580,Schedule Settings,Schedule,Teacher,Gives users access to schedule settings,Operational
581,schedule_quick_start_581,Schedule Quick Start,Schedule,Teacher,Gives users access to schedule quick starts,Create Schedule
582,schedule_search_582,Schedule Search,Schedule,School Admin,Gives users access to schedule searches,Operational
600,reports_600,Reports,Reports,Teacher,Gives users access to Reports (i.e. via icons/buttons),Access Reports
601,org_reports_601,Org Reports,Reports,Org Admin,Gives users access to view org reports,Operational
602,school_reports_602,School Reports,Reports,School Admin,Gives users access to view school reports,Operational
603,teacher_reports_603,Teacher Reports,Reports,Teacher,Gives users access to view teacher reports,Operational
604,class_reports_604,Class Reports,Reports,Student,Gives users access to vew class reports,Operational
605,student_reports_605,Student Reports,Reports,Student,Gives users access to vew student reports,Operational
610,view_reports_610,View Reports,Reports,Org Admin,Gives users access to view reports,Operational
611,view_my_school_reports_611,View My School Reports,Reports,School Admin,Gives users access to view my school reports,Operational
612,view_my_organizations_reports_612,View My Organizations Reports,Reports,Org Admin,Gives users access to view my organization reports,Operational
613,view_all_organizations_reports_613,View All Organizations Reports,Reports,Super Admin,Gives users access to view all organization reports,Operational
614,view_my_reports_614,View My Reports,Reports,Student,Gives users access to view my reports,Operational
615,report_student_achievement_615,Report Student Achievement,Reports,Teacher,Gives users access to report student achievement,Operational
616,report_learning_outcomes_in_categories_616,Report Learning Outcomes in Categories,Reports,Teacher,Gives users access to report learning outcomes in categories,Operational
630,share_report_630,Share Report,Report,School Admin,Gives users access to share reports,Operational
631,download_report_631,Download Report,Report,School Admin,Gives users access to download reports,Operational
680,report_settings_680,Report Settings,Report,School Admin,Gives users access to report settings,Operational
10100,organizational_profile_10100,Organizational Profile,Accounts,Student,Gives users access to Organizational Profile (i.e. via icons/buttons),Organizational Profile
10101,view_all_organization_details_page_10101,View All Organization Details Page,Accounts,Student,Gives users access to view all organization details page,Organizational Profile
10110,view_this_organization_profile_10110,View This Organization Profile,Accounts,School Admin,Gives users access to view this organization profile,Organizational Profile
10111,view_my_organization_profile_10111,View My Organization Profile,Accounts,Student,Gives users access to view my organization profile,Organizational Profile
10112,view_organization_details_10112,View Organization Details,Accounts,Student,Gives users access to view organization details,Organizational Profile
10220,create_own_organization_10220,Create Own Organization,Accounts,Parent,Gives users access to create their own organization,Organizational Profile
10330,edit_this_organization_10330,Edit This Organization,Accounts,Org Admin,Gives users access to edit this organization,Organizational Profile
10331,edit_my_organization_10331,Edit My Organization,Accounts,Org Admin,Gives users access to edit my organization,Organizational Profile
10332,edit_email_address_10332,Edit Email Address,Accounts,Org Admin,Gives users access to edit their email address,Organizational Profile
10333,edit_password_10333,Edit Password,Accounts,Org Admin,Gives users access to edit their password,Organizational Profile
10440,delete_organization_10440,Delete Organization,Accounts,Org Admin,Gives users access to delete an organization,Organizational Profile
10880,change_owner_10880,Change Owner,Accounts,Org Admin,Gives users access to change owners,Organizational Profile
10881,join_organization_10881,Join Organization,Accounts,Student,Gives users access to join an organization,Organizational Profile
10882,leave_organization_10882,Leave Organization,Accounts,Student,Gives users access to leave an organization,Organizational Profile
20100,school_resources_20100,School Resources,Academic Profile,School Admin,Gives users access to School Resources (i.e. via icons/buttons),Schools
20101,define_school_program_page_20101,Define School Program Page,Academic Profile,School Admin,Gives users access to define school program pages,Define School Program Page
20102,define_age_ranges_page_20102,Define Age Ranges Page,Academic Profile,School Admin,Gives users access to define age ranges page,Age Range
20103,define_grade_page_20103,Define Grade Page,Academic Profile,School Admin,Gives users access to define grade page,Grades
20110,view_school_20110,View School,Academic Profile,School Admin,Gives users access to view school,Schools
20111,view_program_20111,View Program,Academic Profile,School Admin,Gives users access to view program,Define School Program Page
20112,view_age_range_20112,View Age Range,Academic Profile,School Admin,Gives users access to view age range,Age Range
20113,view_grades_20113,View Grades,Academic Profile,School Admin,Gives users access to view grades,Grades
20114,view_classes_20114,View Classes,Academic Profile,School Admin,Gives users access to view classes,View Classes
20220,create_school_20220,Create School,Academic Profile,School Admin,Gives users access to create schools,Schools
20221,create_program_20221,Create Program,Academic Profile,School Admin,Gives users access to create programs,Define School Program Page
20222,create_age_range_20222,Create Age Range,Academic Profile,School Admin,Gives users access to create age ranges,Age Range
20223,create_grade_20223,Create Grade,Academic Profile,School Admin,Gives users access to create grades,Grades
20224,create_class_20224,Create Class,Academic Profile,School Admin,Gives users access to create classes,View Classes
20225,add_students_to_class_20225,Add Students to Class,Academic Profile,School Admin,Gives users access to add students to class,View Classes
20226,add_teachers_to_class_20226,Add Teachers to Class,Academic Profile,School Admin,Gives users access to add teachers to class,View Classes
20330,edit_school_20330,Edit School,Academic Profile,School Admin,Gives users access to edit school,Schools
20331,edit_program_20331,Edit Program,Academic Profile,School Admin,Gives users access to edit programs,Define School Program Page
20332,edit_age_range_20332,Edit Age Range,Academic Profile,School Admin,Gives users access to edit age range,Age Range
20333,edit_grade_20333,Edit Grade,Academic Profile,School Admin,Gives users access to edit grades,Grades
20334,edit_class_20334,Edit Class,Academic Profile,School Admin,Gives users access to edit class,View Classes
20335,move_students_to_another_class_20335,Move Students to Another Class,Academic Profile,School Admin,Gives users access to move students to another class,View Classes
20336,edit_teacher_in_class_20336,Edit Teacher in Class,Academic Profile,School Admin,Gives users access to edit teacher in class,View Classes
20440,delete_school_20440,Delete School,Academic Profile,School Admin,Gives users access to delete schools,Schools
20441,delete_program_20441,Delete Program,Academic Profile,School Admin,Gives users access to delete programs,Define School Program Page
20442,delete_age_range_20442,Delete Age Range,Academic Profile,School Admin,Gives users access to delete age ranges,Age Range
20443,delete_grade_20443,Delete Grade,Academic Profile,School Admin,Gives users access to delete grades,Grades
20444,delete_class_20444,Delete Class,Academic Profile,School Admin,Gives users access to delete classes,View Classes
20445,delete_student_from_class_roster_20445,Delete Student from Class Roster,Academic Profile,School Admin,Gives users access to delete students from class rosters,View Classes
20446,delete_teacher_from_class_20446,Delete Teacher from Class,Academic Profile,School Admin,Gives users access to delete teachers from class,View Classes
20880,upload_schools_20880,Upload Schools,Academic Profile,Org Admin,Gives users access to upload schools,Schools
20881,download_schools_20881,Download Schools,Academic Profile,Org Admin,Gives users access to download schools,Schools
20882,upload_program_20882,Upload Program,Academic Profile,Org Admin,Gives users access to upload programs,Define School Program Page
20883,download_program_20883,Download Program,Academic Profile,Org Admin,Gives users access to download programs,Define School Program Page
20884,upload_class_roster_with_teachers_20884,Upload Class Roster with Teachers,Academic Profile,Org Admin,Gives users access to upload class rosters with teachers,View Classes
20885,download_class_roster_with_teachers_20885,Download Class Roster with Teachers,Academic Profile,Org Admin,Gives users access to download class rosters with teachers,View Classes
20886,upload_age_range_20886,Upload Age Range,Academic Profile,Org Admin,Gives users access to upload age ranges,Age Range
20887,download_age_range_20887,Download Age Range,Academic Profile,Org Admin,Gives users access to download age ranges,Age Range
20888,upload_grades_20888,Upload Grades,Academic Profile,Org Admin,Gives users access to upload grades,Grades
20889,download_grades_20889,Download Grades,Academic Profile,Org Admin,Gives users access to download grades,Grades
20890,upload_classes_20890,Upload Classes,Academic Profile,Org Admin,Gives users access to upload classes,View Classes
20891,download_classes_20891,Download Classes,Academic Profile,Org Admin,Gives users access to download classes,View Classes
30100,groups_30100,Roles,Accounts,Org Admin,Gives users access to Roles Page (i.e. via icons/buttons),Roles
30101,role_levels_30101,Role Levels,Accounts,Org Admin,Gives users access to view role levels,Roles
30102,permissions_30102,Permissions,Accounts,Org Admin,Gives users access to view permissions,Roles
30110,view_groups_30110,View Groups,Accounts,Org Admin,Gives users access to view groups,Roles
30111,view_role_priority_levels_30111,View Role Priority Levels,Accounts,Org Admin,Gives users access to view role priority levels,Roles
30112,view_role_permissions_30112,View Role Permissions,Accounts,Org Admin,Gives users access to view role permissions,Roles
30220,create_groups_30220,Create Groups,Accounts,Org Admin,Gives users access to create groups,Roles
30221,create_role_priority_levels_30221,Create Role Priority Levels,Accounts,Org Admin,Gives users access to create role priority levels,Roles
30222,create_role_with_permissions_30222,Create Role with Permissions,Accounts,Org Admin,Gives users access to create roles with permissions,Roles
30330,edit_groups_30330,Edit Groups,Accounts,Org Admin,Gives users access to edit groups,Roles
30331,edit_role_priority_levels_30331,Edit Role Priority Levels,Accounts,Org Admin,Gives users access to edit role priority levels,Roles
30332,edit_role_permissions_30332,Edit Role Permissions,Accounts,Org Admin,Gives users access to edit role permissions,Roles
30440,delete_groups_30440,Delete Groups,Accounts,Org Admin,Gives users access to delete groups,Roles
40100,users_40100,Users,Accounts,Org Admin,Gives users access to Users Page (i.e. via icons/buttons),Users
40101,view_user_page_40101,View User Page,Accounts,Org Admin,Gives users access to view user pages,Users
40110,view_users_40110,View Users,Accounts,Org Admin,Gives users access to view users,Users
40220,create_users_40220,Create Users,Accounts,Org Admin,Gives users access to create users,Users
40330,edit_users_40330,Edit Users,Accounts,Org Admin,Gives users access to edit users,Users
40440,delete_users_40440,Delete Users,Accounts,Org Admin,Gives users access to delete users,Users
40880,upload_users_40880,Upload Users,Accounts,Org Admin,Gives users access to upload users,Users
40881,download_users_40881,Download Users,Accounts,Org Admin,Gives users access to download users,Users
40882,send_invitation_40882,Send Invitation,Accounts,Org Admin,Gives users access to send invitations,Users
40883,deactivate_user_40883,Deactivate User,Accounts,Org Admin,Gives users access to deactivate users,Users
50100,billing_50100,Billing,Accounts,Org Admin,Gives users access to Billing Page (i.e. via icons/buttons),Billing
50101,view_payment_details_and_make_payment_50101,View Payment Details and Make Payment,Accounts,Org Admin,Gives users access to view payment details and make payments,Billing
50110,view_billing_details_50110,View Billing Details,Accounts,Org Admin,Gives users access to view billing details,Billing
50880,purchase_more_minutes_50880,Purchase More Minutes,Accounts,Org Admin,Gives users access to purchase more minutes,Billing
50881,purchase_more_storage_50881,Purchase More Storage,Accounts,Org Admin,Gives users access to purchase more storage,Billing
50882,purchase_next_plan_50882,Purchase Next Plan,Accounts,Org Admin,Gives users access to purchase the next plan,Billing
50883,download_billing_50883,Download Billing,Accounts,Org Admin,Gives users access to download billing,Billing
60100,support_60100,Support,General,Student,Gives users access to Suppoort Page (i.e. via icons/buttons),Support
60101,online_support_60101,Online Support,General,Student,Gives users access to view online support,Support
70000,featured_programs_70000,Featured Programs,Library,Teacher,Gives users access to Featured Programs Page (i.e. via icons/buttons),Featured Programs
70001,view_any_featured_programs_70001,View Any Featured Programs,Library,Teacher,Gives users access to view any featured programs,Featured Programs
71000,view_bada_rhyme_71000,View Bada Rhyme,Library,Teacher,Gives users access to view Bada Rhyme,Featured Programs
71001,view_bada_genius_71001,View Bada Genius,Library,Teacher,Gives users access to view Bada Genius,Featured Programs
71002,view_bada_talk_71002,View Bada Talk,Library,Teacher,Gives users access to view Bada Talk,Featured Programs
71003,view_bada_sound_71003,View Bada Sound,Library,Teacher,Gives users access to view Bada Sound,Featured Programs
71004,view_bada_read_71004,View Bada Read,Library,Teacher,Gives users access to view Bada Read,Featured Programs
71005,view_bada_math_71005,View Bada Math,Library,Teacher,Gives users access to view Bada Math,Featured Programs
71006,view_bada_stem_71006,View Bada STEM,Library,Teacher,Gives users access to view Bada STEM,Featured Programs
71007,view_badanamu_esl_71007,View Badanamu ESL,Library,Teacher,Gives users access to view Badanamu ESL,Featured Programs
71008,undefined_71008,undefined,,,undefined,Featured Programs
71009,undefined_71009,undefined,,,undefined,Featured Programs
75000,create_bada_rhyme_75000,Create Bada Rhyme,Library,Super Admin,Gives users access to create Bada Rhyme,Featured Programs
75001,create_bada_genius_75001,Create Bada Genius,Library,Super Admin,Gives users access to create Bada Genius,Featured Programs
75002,create_bada_talk_75002,Create Bada Talk,Library,Super Admin,Gives users access to create Bada Talk,Featured Programs
75003,create_bada_sound_75003,Create Bada Sound,Library,Super Admin,Gives users access to create Bada Sound,Featured Programs
75004,create_bada_read_75004,Create Bada Read,Library,Super Admin,Gives users access to create Bada Read,Featured Programs
75005,create_bada_math_75005,Create Bada Math,Library,Super Admin,Gives users access to create Bada Math,Featured Programs
75006,create_bada_stem_75006,Create Bada STEM,Library,Super Admin,Gives users access to create Bada STEM,Featured Programs
75007,create_badanamu_esl_75007,Create Badanamu ESL,Library,Super Admin,Gives users access to create Badanamu ESL ,Featured Programs
75008,undefined_75008,undefined,,,undefined,Featured Programs
75009,undefined_75009,undefined,,,undefined,Featured Programs
78000,edit_bada_rhyme_78000,Edit Bada Rhyme,Library,Super Admin,Gives users access to edit Bada Rhyme,Featured Programs
78001,edit_bada_genius_78001,Edit Bada Genius,Library,Super Admin,Gives users access to edit Bada Genius,Featured Programs
78002,edit_bada_talk_78002,Edit Bada Talk,Library,Super Admin,Gives users access to edit Bada Talk,Featured Programs
78003,edit_bada_sound_78003,Edit Bada Sound,Library,Super Admin,Gives users access to edit Bada Sound,Featured Programs
78004,edit_bada_read_78004,Edit Bada Read,Library,Super Admin,Gives users access to edit Bada Read,Featured Programs
78005,edit_bada_math_78005,Edit Bada Math,Library,Super Admin,Gives users access to edit Bada Math,Featured Programs
78006,edit_bada_stem_78006,Edit Bada STEM,Library,Super Admin,Gives users access to edit Bada STEM,Featured Programs
78007,edit_badanamu_esl_78007,Edit Badanamu ESL,Library,Super Admin,Gives users access to edit Badanamu ESL,Featured Programs
78008,copy_featured_content_into_library_78008,Copy Featured Content into Library,,Org Admin,Gives user access to Copy Featured Content feature,Featured Programs
78009,download_featured_content_78009,Download Featured Content,,Org Admin,Gives user access to Download Featured Content feture,Featured Programs
79000,publish_featured_content_for_all_hub_79000,Publish featured content for all hub,Library,Super Admin,Gives users access to publish featured content for all hub,Featured Programs
79001,publish_featured_content_for_specific_orgs_79001,Publish featured content for specific orgs,Library,Super Admin,Gives users access to publish featured content for specific organizations,Featured Programs
79002,publish_featured_content_for_all_orgs_79002,Publish featured content for all orgs,Library,Super Admin,Gives users access to publish featured content for all organizations,Featured Programs
80000,free_programs_80000,Free Programs,Library,Teacher,Gives users access to Free Programs Page (i.e. via icons/buttons),Free Programs
80001,view_free_programs_80001,View Free Programs,Library,Teacher,Gives users access to view free programs,Free Programs
81000,view_bada_rhyme_81000,View Bada Rhyme,Library,Teacher,Gives users access to view Bada Rhyme,Free Programs
81001,view_bada_genius_81001,View Bada Genius,Library,Teacher,Gives users access to view Bada Genius,Free Programs
81002,view_bada_talk_81002,View Bada Talk,Library,Teacher,Gives users access to view Bada Talk,Free Programs
81003,view_bada_sound_81003,View Bada Sound,Library,Teacher,Gives users access to view Bada Sound,Free Programs
81004,view_bada_read_81004,View Bada Read,Library,Teacher,Gives users access to view Bada Read,Free Programs
81005,view_bada_math_81005,View Bada Math,Library,Teacher,Gives users access to view Bada Math,Free Programs
81006,view_bada_stem_81006,View Bada STEM,Library,Teacher,Gives users access to view Bada STEM,Free Programs
81007,view_badanamu_esl_81007,View Badanamu ESL,Library,Teacher,Gives users access to view Badanamu ESL,Free Programs
81008,use_free_as_recommended_content_for_study_81008,Use Free as Recommended Content for Study,Library,Teacher,Gives users access to use free as recommended content for study,Free Programs
81009,undefinend_81009,undefinend,,,undefined,Free Programs
85000,create_bada_rhyme_85000,Create Bada Rhyme,Library,Super Admin,Gives users access to create Bada Rhyme,Free Programs
85001,create_bada_genius_85001,Create Bada Genius,Library,Super Admin,Gives users access to create Bada Genius,Free Programs
85002,create_bada_talk_85002,Create Bada Talk,Library,Super Admin,Gives users access to create Bada Talk,Free Programs
85003,create_bada_sound_85003,Create Bada Sound,Library,Super Admin,Gives users access to create Bada Sound,Free Programs
85004,create_bada_read_85004,Create Bada Read,Library,Super Admin,Gives users access to create Bada Read,Free Programs
85005,create_bada_math_85005,Create Bada Math,Library,Super Admin,Gives users access to create Bada Math,Free Programs
85006,create_bada_stem_85006,Create Bada STEM,Library,Super Admin,Gives users access to create Bada STEM,Free Programs
85007,undefined_75007,undefined,,,undefined,Free Programs
85008,undefined_75008,undefined,,,undefined,Free Programs
85009,unndefined_75009,unndefined,,,undefined,Free Programs
88000,edit_bada_rhyme_88000,Edit Bada Rhyme,Library,Super Admin,Gives users access to edit Bada Rhyme,Free Programs
88001,edit_bada_genius_88001,Edit Bada Genius,Library,Super Admin,Gives users access to edit Bada Genius,Free Programs
88002,edit_bada_talk_88002,Edit Bada Talk,Library,Super Admin,Gives users access to edit Bada Talk,Free Programs
88003,edit_bada_sound_88003,Edit Bada Sound,Library,Super Admin,Gives users access to edit Bada Sound,Free Programs
88004,edit_bada_read_88004,Edit Bada Read,Library,Super Admin,Gives users access to edit Bada Read,Free Programs
88005,edit_bada_math_88005,Edit Bada Math,Library,Super Admin,Gives users access to edit Bada Math,Free Programs
88006,edit_bada_stem_88006,Edit Bada STEM,Library,Super Admin,Gives users access to edit Bada STEM,Free Programs
88007,edit_badanamu_esl_88007,Edit Badanamu ESL,Library,Super Admin,Gives users access to edit Badanamu ESL,Free Programs
88008,copy_free_content_into_library_88008,Copy Free Content into Library,,Org Admin,Gives user access to Copy Free Content feature,Free Programs
88009,download_free_content__88009,Download Free Content,,Org Admin,Gives user access to Download Free Content feture,Free Programs
88900,publish_free_content_for_all_hub_89000,Publish free content for all hub,Library,Super Admin,Gives users access to publish free content for all hub,Free Programs
89001,publish_free_content_for_specific_orgs_79001,Publish free content for specific orgs,Library,Super Admin,Gives users access to publish free content for specific organizations,Free Programs
89002,publish_free_content_for_all_orgs_79002,Publish free content for all orgs,Library,Super Admin,Gives users access to publish frree content for all organizations,Free Programs